[
	{
		"title" : "Provincial Electoral Districts - Electoral Boundaries Redistribution, 2023",
		"name" : "provincial-electoral-districts-electoral-boundaries-redistribution-2023",
		"bcdc_data_resource_url" : "https://catalogue.data.gov.bc.ca/dataset/1cba4b16-263f-4d42-8d84-f5fecaa03d1a",
		"description" : "A geographic area defined in the Electoral Districts Act that is represented in the Legislative Assembly by a single MLA. Electoral districts are also known as constituencies or ridings. (Constitution Act, s. 18)\n\nThe 2023 Electoral Boundaries Commission divided B.C. into 93 electoral districts.\n\nThese electoral districts will be used in the 2024 Provincial General Election.",
		"purpose" : "For use in the administration of provincial elections.",
		"bcdc_type" : "Geographic",
		"last_modified" : "2024-03-06T22:33:06",
		"resource_storage_location" : "Bc Geographic Warehouse",
		"object_name" : "WHSE_ADMIN_BOUNDARIES.EBC_ELECTORAL_DISTS_BS11_SVW",
		"object_short_name" : "EBC_ED_23",
		"object_table_comments" : "EBC_ELECTORAL_DISTRICTS BS11_SVW contains information about provincial electoral districts in British Columbia, including non-spatial information (e.g., name, abbreviation, boundary set identifier) and spatial information (boundary linework). Data is restricted to a single boundary set (11)",
		"projection_name" : "epsg3005",
		"license_title" : "Elections BC Open Data Licence",
		"license_url" : "https://www.elections.bc.ca/docs/EBC-Open-Data-Licence.pdf",
		"details" : [
			{
				"column_comments" : "ELECTORAL_DiSTRICT_ID is a system generated unique identification number.",
				"column_name" : "ELECTORAL_DISTRICT_ID",
				"data_precision" : 10,
				"data_type" : "NUMBER",
				"short_name" : "ED_ID"
			},
			{
				"column_comments" : "BOUNDARY_SET_ID Identifies the boundary set to which this electoral district definition applies, e.g., 8. It is a foreign key to EBC_BOUNDARY_SETS",
				"column_name" : "BOUNDARY_SET_ID",
				"data_precision" : 10,
				"data_type" : "NUMBER",
				"short_name" : "BDYSET_ID"
			},
			{
				"column_comments" : "ED ABBREVIATION is the electoral district name abbreviation, e.g., 'VTS'\n",
				"column_name" : "ED_ABBREVIATION",
				"data_precision" : 3,
				"data_type" : "VARCHAR2",
				"short_name" : "ED_ABBREV"
			},
			{
				"column_comments" : "ED_NAME is the name of the electoral district, e.g.. 'Victoria Swan Lake'",
				"column_name" : "ED_NAME",
				"data_precision" : 100,
				"data_type" : "VARCHAR2",
				"short_name" : "ED_NAME"
			},
			{
				"column_comments" : "GAZETTE_DATE is the date the associated active electoral district boundary was gazetted",
				"column_name" : "GAZETTE_DATE",
				"data_precision" : 7,
				"data_type" : "DATE",
				"short_name" : "GAZETTE_DT"
			},
			{
				"column_comments" : "FEATURE_AREA_SQM is the system calculated area of a two-dimensional polygon in square meters.",
				"column_name" : "FEATURE_AREA_SQM",
				"data_precision" : 19,
				"data_type" : "NUMBER",
				"short_name" : "AREA_SQM"
			},
			{
				"column_comments" : "FEATURE_LENGTH_M is the system calculated length or perimeter of a geometry in meters.",
				"column_name" : "FEATURE_LENGTH_M",
				"data_precision" : 19,
				"data_type" : "NUMBER",
				"short_name" : "LENGTH_M"
			},
			{
				"column_comments" : "SHAPE is the column used to reference the spatial coordinates defining the feature.",
				"column_name" : "SHAPE",
				"data_precision" : 64,
				"data_type" : "SDO_GEOMETRY",
				"short_name" : "SHAPE"
			},
			{
				"column_comments" : "OBJECTID is a column required by spatial layers that interact with ESRI ArcSDE. It is populated with unique values automatically by SDE.",
				"column_name" : "OBJECTID",
				"data_precision" : 38,
				"data_type" : "NUMBER",
				"short_name" : "OBJECTID"
			},
			{
				"column_comments" : "SE_ANNO_CAD_DATA is a binary column used by spatial tools to store annotation, curve features and CAD data when using the SDO_GEOMETRY storage data type.",
				"column_name" : "SE_ANNO_CAD_DATA",
				"data_precision" : 4000,
				"data_type" : "BLOB"
			}
		]
	}
]